Question,Answer
"What is an Array?", "An Array is a fixed-size structure that stores multiple items of the same kind of data in sequence."
"Why are Arrays used?", "Arrays are used to store data of the same type and to create more complex data structures."
"Who created the concept of Arrays?", "Arrays have been used in programming languages since early computing, popularized in languages like C."
"When would you use an Array?", "You use an Array when you need to store multiple items of the same data type in sequence."
"Where is Array indexing commonly seen?", "Array indexing is commonly seen in programming, where each item has an index starting from 0."
"How do you add an element to an Array?", "To add an element, create a new array with a larger size, copy the old elements, and add the new one."

"What is a Linked List?", "A Linked List is a linear data structure where items are connected to each other in sequence."
"Why are Linked Lists used?", "Linked Lists are used for dynamic data storage, where the size may change often."
"Who developed the concept of Linked Lists?", "Linked Lists were first introduced by computer scientist Allen Newell and Herbert A. Simon in the 1950s."
"When would you use a Linked List?", "Use a Linked List when you need flexible memory allocation and frequent additions/removals of elements."
"Where are Linked Lists used in software?", "Linked Lists are used in operating systems for tasks like memory management and process scheduling."
"How do you traverse a Linked List?", "You traverse a Linked List by starting from the 'head' node and following each 'next' pointer until the end."

"What is a Stack?", "A Stack is a linear data structure following the LIFO (Last In, First Out) principle."
"Why are Stacks used?", "Stacks are used to store data temporarily in a way that the most recent data is accessed first."
"Who developed the Stack concept?", "The concept of Stacks was formalized in early programming but has been widely used in many disciplines."
"When would you use a Stack?", "Use a Stack for tasks like backtracking, undo functions, and recursion management."
"Where are Stacks applied?", "Stacks are applied in function calls, parsing, and evaluating mathematical expressions."
"How do you push an item onto a Stack?", "To push an item, add it to the top of the stack."

"What is a Queue?", "A Queue is a linear data structure following the FIFO (First In, First Out) principle."
"Why are Queues used?", "Queues are used to manage data in order, where the first item added is the first to be accessed."
"Who formalized the Queue concept?", "Queues have been foundational in computing and operating system design since the 1950s."
"When would you use a Queue?", "Use a Queue when data needs to be processed in order, like in task scheduling."
"Where are Queues used?", "Queues are used in applications like print spooling, task scheduling, and customer service lines."
"How do you enqueue an item in a Queue?", "To enqueue, add the item at the end of the queue."

"What is a Hash Table?", "A Hash Table stores values associated with unique keys for quick data retrieval."
"Why are Hash Tables used?", "Hash Tables are used to quickly find a value when given a specific key."
"Who introduced Hash Tables?", "The concept of hashing was introduced by IBM in the 1950s for fast data retrieval."
"When would you use a Hash Table?", "Use a Hash Table when you need fast data lookup, like in dictionaries or databases."
"Where are Hash Tables applied?", "Hash Tables are applied in database indexing and caching mechanisms."
"How do you search for a value in a Hash Table?", "To search, use the key to access the value directly using a hash function."

"What is a Tree?", "A Tree is a hierarchical data structure with nodes, starting from a 'root' and branching out."
"Why are Trees used?", "Trees are used to represent data with hierarchical relationships, like file systems."
"Who formalized the concept of Trees?", "The concept of Trees in computing was developed by computer scientists in the early 20th century."
"When would you use a Tree?", "Use a Tree when data needs to be organized hierarchically, like organizational charts."
"Where are Trees applied?", "Trees are applied in databases, file systems, and expression parsing."
"How do you traverse a Binary Tree?", "You can traverse a Binary Tree using pre-order, in-order, or post-order traversal."

"What is a Heap?", "A Heap is a special type of binary tree where parent nodes have ordered values."
"Why are Heaps used?", "Heaps are used in algorithms to quickly find the minimum or maximum value."
"Who created Heaps?", "Heaps were developed as part of computer science to optimize certain types of algorithms."
"When would you use a Heap?", "Use a Heap when you need efficient access to the highest or lowest value in a dataset."
"Where are Heaps used?", "Heaps are used in priority queues and in algorithms like Dijkstra's shortest path."
"How do you insert a value into a Heap?", "To insert, add the value at the end and adjust nodes to maintain heap properties."

"What is a Graph?", "A Graph is a data structure of nodes (vertices) connected by edges."
"Why are Graphs used?", "Graphs are used to represent connections, like social networks or maps."
"Who developed Graph Theory?", "Graph Theory was formalized by Leonhard Euler in the 18th century."
"When would you use a Graph?", "Use a Graph when modeling relationships, like social networks or web links."
"Where are Graphs used?", "Graphs are used in networking, GPS navigation, and social media connections."
"How do you represent a Graph?", "You can represent a Graph using adjacency lists or matrices."

"What is an Algorithm?", "An Algorithm is a set of step-by-step instructions to solve a problem."
"Why are Algorithms important?", "Algorithms help solve problems efficiently by providing clear steps."
"Who writes Algorithms?", "Programmers and computer scientists write algorithms to perform specific tasks."
"When do you use an Algorithm?", "Use an Algorithm whenever you need a systematic way to solve a problem."
"Where are Algorithms used?", "Algorithms are used in all areas of computing, from search engines to games."
"How do you measure an Algorithm's performance?", "Performance is measured by time complexity and space complexity."
